{
  "timestamp": "2025-10-25T17:59:51.524853",
  "config": {
    "iterations": 10,
    "warmup_iterations": 2,
    "scenarios": [
      "happy_path_to_complete",
      "approval_gate_flow",
      "error_path_not_feasible",
      "state_persistence",
      "concurrent_requests"
    ]
  },
  "scenarios": {
    "happy_path_to_complete": {
      "scenario": "happy_path_to_complete",
      "iterations": 10,
      "execution_time": {
        "mean_ms": 15.069875097833574,
        "median_ms": 15.186520991846919,
        "min_ms": 14.285832992754877,
        "max_ms": 15.840667067095637,
        "stdev_ms": 0.5139690139191034,
        "raw_values": [
          15.479792025871575,
          14.815000002272427,
          14.35329089872539,
          14.735792065039277,
          15.032125054858625,
          14.285832992754877,
          15.840667067095637,
          15.468667028471828,
          15.34666691441089,
          15.340916928835213
        ]
      },
      "memory_usage": {
        "mean_kb": 118.6,
        "median_kb": 116.0,
        "min_kb": 113,
        "max_kb": 147,
        "raw_values": [
          147,
          118,
          114,
          116,
          115,
          116,
          116,
          116,
          115,
          113
        ]
      }
    },
    "approval_gate_flow": {
      "scenario": "approval_gate_flow",
      "iterations": 10,
      "execution_time": {
        "mean_ms": 3.580312291160226,
        "median_ms": 3.562729514669627,
        "min_ms": 3.3774160547181964,
        "max_ms": 3.8272079546004534,
        "stdev_ms": 0.137754545689285,
        "raw_values": [
          3.7666669813916087,
          3.538292017765343,
          3.5179159604012966,
          3.591999993659556,
          3.5871670115739107,
          3.3774160547181964,
          3.5184159642085433,
          3.641124931164086,
          3.4369160421192646,
          3.8272079546004534
        ]
      },
      "memory_usage": {
        "mean_kb": 106.3,
        "median_kb": 106.5,
        "min_kb": 101,
        "max_kb": 111,
        "raw_values": [
          108,
          105,
          107,
          105,
          105,
          101,
          111,
          108,
          107,
          106
        ]
      }
    },
    "error_path_not_feasible": {
      "scenario": "error_path_not_feasible",
      "iterations": 10,
      "execution_time": {
        "mean_ms": 7.332708477042615,
        "median_ms": 7.13787495624274,
        "min_ms": 6.881916895508766,
        "max_ms": 8.946083020418882,
        "stdev_ms": 0.6202608038621062,
        "raw_values": [
          7.1160419611260295,
          6.881916895508766,
          6.898374995216727,
          7.045291946269572,
          7.767709088511765,
          7.275625015608966,
          8.946083020418882,
          7.226916961371899,
          7.009416935034096,
          7.159707951359451
        ]
      },
      "memory_usage": {
        "mean_kb": 107.9,
        "median_kb": 107.5,
        "min_kb": 103,
        "max_kb": 114,
        "raw_values": [
          107,
          104,
          114,
          112,
          110,
          108,
          108,
          106,
          107,
          103
        ]
      }
    }
  },
  "throughput": {
    "completed_requests": 3319,
    "duration_seconds": 3.000046500004828,
    "throughput_rps": 1106.3161854306788
  }
}